{"cameraMode":{"drawMode":0,"name":"Shaded","section":"Shading Mode"},"sceneLighting":false,"audioPlay":false,"sceneViewState":{"showFog":true,"showMaterialUpdate":true,"showSkybox":false,"showFlares":true,"showImageEffects":true,"showParticleSystems":true},"in2DMode":false,"pivot":{"x":-0.000035159289836883545,"y":0.20035938918590547,"z":0.04347419738769531},"rotation":{"x":-0.15264366567134858,"y":-0.005504034925252199,"z":0.00039657705929130316,"w":-0.9884099364280701},"size":0.18832510709762574,"orthographic":false}