{"cameraMode":{"drawMode":0,"name":"Shaded","section":"Shading Mode"},"sceneLighting":false,"audioPlay":false,"sceneViewState":{"showFog":true,"showMaterialUpdate":true,"showSkybox":false,"showFlares":true,"showImageEffects":true,"showParticleSystems":true},"in2DMode":false,"pivot":{"x":-1.3225857019424439,"y":0.2877516746520996,"z":-0.796252965927124},"rotation":{"x":0.02006792090833187,"y":0.9798713326454163,"z":0.15385326743125916,"w":-0.12593448162078858},"size":0.18171019852161408,"orthographic":false}