{"cameraMode":{"drawMode":0,"name":"Shaded","section":"Shading Mode"},"sceneLighting":false,"audioPlay":false,"sceneViewState":{"showFog":true,"showMaterialUpdate":true,"showSkybox":false,"showFlares":true,"showImageEffects":true,"showParticleSystems":true},"in2DMode":false,"pivot":{"x":0.0026549100875854494,"y":0.1031193733215332,"z":-0.20914244651794434},"rotation":{"x":0.41436076164245608,"y":-0.13259829580783845,"z":0.0614096038043499,"w":0.8983067274093628},"size":3.5161805152893068,"orthographic":false}