{"cameraMode":{"drawMode":0,"name":"Shaded","section":"Shading Mode"},"sceneLighting":false,"audioPlay":false,"sceneViewState":{"showFog":true,"showMaterialUpdate":true,"showSkybox":false,"showFlares":true,"showImageEffects":true,"showParticleSystems":true},"in2DMode":false,"pivot":{"x":1.4860000610351563,"y":1.2450000047683716,"z":2.561000108718872},"rotation":{"x":-0.30250248312950137,"y":0.35829541087150576,"z":-0.12453744560480118,"w":-0.8745809197425842},"size":0.6677059531211853,"orthographic":false}