{"cameraMode":{"drawMode":0,"name":"Shaded","section":"Shading Mode"},"sceneLighting":true,"audioPlay":false,"sceneViewState":{"showFog":true,"showMaterialUpdate":true,"showSkybox":true,"showFlares":true,"showImageEffects":true,"showParticleSystems":true},"in2DMode":false,"pivot":{"x":1.0222361087799073,"y":2.0418033599853517,"z":6.750353813171387},"rotation":{"x":-0.03454320877790451,"y":-0.11470289528369904,"z":0.003518971148878336,"w":-0.9929394721984863},"size":3.6079587936401369,"orthographic":false}